{"accuracy": [0.8687499761581421, 0.9937499761581421, 0.9937499761581421, 0.987500011920929, 0.981249988079071, 0.9437500238418579], "auc_1": [0.9554296731948853, 0.9999608993530273, 0.9937499761581421, 0.987500011920929, 0.981249988079071, 0.9555468559265137], "loss": [0.637493371963501, 0.015432653948664665, 0.0827454999089241, 1.039465308189392, 1.5341105461120605, 2.631103992462158], "precision_1": [0.8687499761581421, 0.9937499761581421, 0.9937499761581421, 0.987500011920929, 0.981249988079071, 0.9437500238418579], "recall_1": [0.8687499761581421, 0.9937499761581421, 0.9937499761581421, 0.987500011920929, 0.981249988079071, 0.9437500238418579], "val_accuracy": [0.8999999761581421, 0.8999999761581421, 0.875, 0.8999999761581421, 0.574999988079071, 0.8999999761581421], "val_auc_1": [0.953125, 0.9612500071525574, 0.8831248879432678, 0.8999999761581421, 0.6456249952316284, 0.8999999761581421], "val_loss": [0.28616267442703247, 0.46417808532714844, 1.9369571208953857, 2.1755921840667725, 5.455914497375488, 3.1607041358947754], "val_precision_1": [0.8999999761581421, 0.8999999761581421, 0.875, 0.8999999761581421, 0.574999988079071, 0.8999999761581421], "val_recall_1": [0.8999999761581421, 0.8999999761581421, 0.875, 0.8999999761581421, 0.574999988079071, 0.8999999761581421]}